0|https://www.dmu.ac.uk/webimages/study/accommodation/halls-of-residence/bede-hall/bede-hall-bedroom-02.jpg|4
1|https://cdn.pixabay.com/photo/2018/03/13/15/54/serbia-3222887_960_720.jpg|1
2|https://cdn.pixabay.com/photo/2021/08/03/13/17/river-6519448__340.jpg|1
3|https://cdn.pixabay.com/photo/2017/06/12/21/27/serbia-2396888__340.jpg|1
4|https://www.riopricesaputovanja.com/v1/wp-content/uploads/2020/10/Grad-Bijeljina.jpg|2
5|https://waytomonte.com/img/gallery/1/1/91/cb5c57d8a6670a0ffa19ab88b7473476.jpg|7
6|https://images.unsplash.com/photo-1551867633-194f125bddfa?ixlib=rb-4.0.3&ixid=MnwxMjA3fDB8MHxzZWFyY2h8M3x8YnVkYXBlc3R8ZW58MHx8MHx8&w=1000&q=80|8
7|https://kopaonik.travel/wp-content/uploads/2019/09/48373238_2116220708457218_8474805974996090880_n-690x550.jpg|9
8|https://lh3.googleusercontent.com/p/AF1QipNqfBcXzriZtAz4t6nXANPyEPvhd-BVA6tgVoGy=w296-h202-n-k-rw-no-v1|10
9|https://banjeusrbiji.com/wp-content/uploads/2012/11/ribarska-banja.jpg|11
10|https://media.zlatibor.org.rs/images/article_photos/118/tablet_5791657794213119.jpg|12
11|https://media.zlatibor.org.rs/images/article_photos/13/tablet_2071515064901201.jpg|12
12|https://upload.wikimedia.org/wikipedia/commons/thumb/0/06/Stopi%C4%87a_pe%C4%87ina%2C_Zlatibor_-_panoramio.jpg/800px-Stopi%C4%87a_pe%C4%87ina%2C_Zlatibor_-_panoramio.jpg|12
13|https://www.vijesti.me/data/images/2019/02/15/00/2794899_20190215090236_5c667a6fb789684e9f0036c8jpeg_ls.jpg|7
14|https://mavericklodges.com/media/heroes-square-budapest.jpg|8
15|https://www.agroinfo.rs/uploads/images/0/2020_06_22/agro2020-06-22/ribarska.png|11
16|https://www.kraljevo.rs/wp-content/uploads/2021/06/Trg-Kraljevo-1.png|14
17|https://www.grenef.com/wp-content/uploads/2022/12/3-Trg-Svetog-save-Kraljevo-jpg.webp|14
18||15
19|Slika|15
20|Neka tako|15
21|fasfasfa|16
22|asdas|16
23||16
24||16
